relative_path,absolute_path,filename,extension,size_bytes,size_human,modified_time,first_level_folder,second_level_folder,depth
node_modules\@rolldown\binding-win32-x64-msvc\rolldown-binding.win32-x64-msvc.node,C:\Users\Luis\Desktop\das4navy\node_modules\@rolldown\binding-win32-x64-msvc\rolldown-binding.win32-x64-msvc.node,rolldown-binding.win32-x64-msvc.node,.node,23471616,22.38 MB,2026-06-06 16:54:22,node_modules,node_modules\@rolldown,3
node_modules\lightningcss-win32-x64-msvc\lightningcss.win32-x64-msvc.node,C:\Users\Luis\Desktop\das4navy\node_modules\lightningcss-win32-x64-msvc\lightningcss.win32-x64-msvc.node,lightningcss.win32-x64-msvc.node,.node,9497600,9.06 MB,2026-06-06 16:54:22,node_modules,node_modules\lightningcss-win32-x64-msvc,2
node_modules\eslint-plugin-react-hooks\cjs\eslint-plugin-react-hooks.development.js,C:\Users\Luis\Desktop\das4navy\node_modules\eslint-plugin-react-hooks\cjs\eslint-plugin-react-hooks.development.js,eslint-plugin-react-hooks.development.js,.js,2044204,1.95 MB,2026-06-06 16:54:22,node_modules,node_modules\eslint-plugin-react-hooks,3
node_modules\eslint-plugin-react-hooks\cjs\eslint-plugin-react-hooks.production.js,C:\Users\Luis\Desktop\das4navy\node_modules\eslint-plugin-react-hooks\cjs\eslint-plugin-react-hooks.production.js,eslint-plugin-react-hooks.production.js,.js,2039738,1.95 MB,2026-06-06 16:54:22,node_modules,node_modules\eslint-plugin-react-hooks,3
node_modules\.vite\deps\react-dom_client.js.map,C:\Users\Luis\Desktop\das4navy\node_modules\.vite\deps\react-dom_client.js.map,react-dom_client.js.map,.map,1498117,1.43 MB,2026-06-06 16:54:29,node_modules,node_modules\.vite,3
node_modules\@babel\parser\lib\index.js.map,C:\Users\Luis\Desktop\das4navy\node_modules\@babel\parser\lib\index.js.map,index.js.map,.map,1434020,1.37 MB,2026-06-06 16:54:22,node_modules,node_modules\@babel,4
node_modules\vite\dist\node\chunks\node.js,C:\Users\Luis\Desktop\das4navy\node_modules\vite\dist\node\chunks\node.js,node.js,.js,1274847,1.22 MB,2026-06-06 16:54:22,node_modules,node_modules\vite,5
node_modules\react-dom\cjs\react-dom-profiling.development.js,C:\Users\Luis\Desktop\das4navy\node_modules\react-dom\cjs\react-dom-profiling.development.js,react-dom-profiling.development.js,.js,1082082,1.03 MB,2026-06-06 16:54:22,node_modules,node_modules\react-dom,3
node_modules\react-dom\cjs\react-dom-client.development.js,C:\Users\Luis\Desktop\das4navy\node_modules\react-dom\cjs\react-dom-client.development.js,react-dom-client.development.js,.js,1065698,1.02 MB,2026-06-06 16:54:21,node_modules,node_modules\react-dom,3
node_modules\csstype\index.d.ts,C:\Users\Luis\Desktop\das4navy\node_modules\csstype\index.d.ts,index.d.ts,.ts,894969,873.99 KB,2026-06-06 16:54:21,node_modules,node_modules\csstype,2
node_modules\.vite\deps\react-dom_client.js,C:\Users\Luis\Desktop\das4navy\node_modules\.vite\deps\react-dom_client.js,react-dom_client.js,.js,820851,801.61 KB,2026-06-06 16:54:29,node_modules,node_modules\.vite,3
node_modules\hermes-parser\dist\HermesParserWASM.js,C:\Users\Luis\Desktop\das4navy\node_modules\hermes-parser\dist\HermesParserWASM.js,HermesParserWASM.js,.js,678244,662.35 KB,2026-06-06 16:54:22,node_modules,node_modules\hermes-parser,3
node_modules\@babel\types\lib\index.d.ts,C:\Users\Luis\Desktop\das4navy\node_modules\@babel\types\lib\index.d.ts,index.d.ts,.ts,666005,650.40 KB,2026-06-06 16:54:22,node_modules,node_modules\@babel,4
node_modules\react-dom\cjs\react-dom-profiling.profiling.js,C:\Users\Luis\Desktop\das4navy\node_modules\react-dom\cjs\react-dom-profiling.profiling.js,react-dom-profiling.profiling.js,.js,607634,593.39 KB,2026-06-06 16:54:22,node_modules,node_modules\react-dom,3
node_modules\react-dom\cjs\react-dom-client.production.js,C:\Users\Luis\Desktop\das4navy\node_modules\react-dom\cjs\react-dom-client.production.js,react-dom-client.production.js,.js,536016,523.45 KB,2026-06-06 16:54:22,node_modules,node_modules\react-dom,3
node_modules\@babel\parser\lib\index.js,C:\Users\Luis\Desktop\das4navy\node_modules\@babel\parser\lib\index.js,index.js,.js,512666,500.65 KB,2026-06-06 16:54:21,node_modules,node_modules\@babel,4
node_modules\react-dom\cjs\react-dom-server.node.development.js,C:\Users\Luis\Desktop\das4navy\node_modules\react-dom\cjs\react-dom-server.node.development.js,react-dom-server.node.development.js,.js,429423,419.36 KB,2026-06-06 16:54:22,node_modules,node_modules\react-dom,3
node_modules\react-dom\cjs\react-dom-server.edge.development.js,C:\Users\Luis\Desktop\das4navy\node_modules\react-dom\cjs\react-dom-server.edge.development.js,react-dom-server.edge.development.js,.js,425439,415.47 KB,2026-06-06 16:54:22,node_modules,node_modules\react-dom,3
node_modules\react-dom\cjs\react-dom-server.browser.development.js,C:\Users\Luis\Desktop\das4navy\node_modules\react-dom\cjs\react-dom-server.browser.development.js,react-dom-server.browser.development.js,.js,424658,414.71 KB,2026-06-06 16:54:22,node_modules,node_modules\react-dom,3
node_modules\react-dom\cjs\react-dom-server-legacy.browser.development.js,C:\Users\Luis\Desktop\das4navy\node_modules\react-dom\cjs\react-dom-server-legacy.browser.development.js,react-dom-server-legacy.browser.development.js,.js,395197,385.93 KB,2026-06-06 16:54:22,node_modules,node_modules\react-dom,3
node_modules\react-dom\cjs\react-dom-server-legacy.node.development.js,C:\Users\Luis\Desktop\das4navy\node_modules\react-dom\cjs\react-dom-server-legacy.node.development.js,react-dom-server-legacy.node.development.js,.js,395194,385.93 KB,2026-06-06 16:54:22,node_modules,node_modules\react-dom,3
node_modules\react-dom\cjs\react-dom-server.bun.development.js,C:\Users\Luis\Desktop\das4navy\node_modules\react-dom\cjs\react-dom-server.bun.development.js,react-dom-server.bun.development.js,.js,354659,346.35 KB,2026-06-06 16:54:22,node_modules,node_modules\react-dom,3
node_modules\csstype\index.js.flow,C:\Users\Luis\Desktop\das4navy\node_modules\csstype\index.js.flow,index.js.flow,.flow,344546,336.47 KB,2026-06-06 16:54:21,node_modules,node_modules\csstype,2
node_modules\@babel\types\lib\validators\generated\index.js.map,C:\Users\Luis\Desktop\das4navy\node_modules\@babel\types\lib\validators\generated\index.js.map,index.js.map,.map,290238,283.44 KB,2026-06-06 16:54:22,node_modules,node_modules\@babel,6
node_modules\react-dom\cjs\react-dom-server.node.production.js,C:\Users\Luis\Desktop\das4navy\node_modules\react-dom\cjs\react-dom-server.node.production.js,react-dom-server.node.production.js,.js,277046,270.55 KB,2026-06-06 16:54:22,node_modules,node_modules\react-dom,3
node_modules\react-dom\cjs\react-dom-server.edge.production.js,C:\Users\Luis\Desktop\das4navy\node_modules\react-dom\cjs\react-dom-server.edge.production.js,react-dom-server.edge.production.js,.js,273614,267.20 KB,2026-06-06 16:54:22,node_modules,node_modules\react-dom,3
node_modules\ajv\dist\ajv.bundle.js,C:\Users\Luis\Desktop\das4navy\node_modules\ajv\dist\ajv.bundle.js,ajv.bundle.js,.js,273216,266.81 KB,2026-06-06 16:54:22,node_modules,node_modules\ajv,3
node_modules\react-dom\cjs\react-dom-server.browser.production.js,C:\Users\Luis\Desktop\das4navy\node_modules\react-dom\cjs\react-dom-server.browser.production.js,react-dom-server.browser.production.js,.js,268058,261.78 KB,2026-06-06 16:54:22,node_modules,node_modules\react-dom,3
node_modules\vite\dist\node\chunks\dist.js,C:\Users\Luis\Desktop\das4navy\node_modules\vite\dist\node\chunks\dist.js,dist.js,.js,246735,240.95 KB,2026-06-06 16:54:21,node_modules,node_modules\vite,5
node_modules\react-dom\cjs\react-dom-server.bun.production.js,C:\Users\Luis\Desktop\das4navy\node_modules\react-dom\cjs\react-dom-server.bun.production.js,react-dom-server.bun.production.js,.js,245324,239.57 KB,2026-06-06 16:54:22,node_modules,node_modules\react-dom,3
node_modules\acorn\dist\acorn.js,C:\Users\Luis\Desktop\das4navy\node_modules\acorn\dist\acorn.js,acorn.js,.js,242818,237.13 KB,2026-06-06 16:54:21,node_modules,node_modules\acorn,3
node_modules\react-dom\cjs\react-dom-server-legacy.node.production.js,C:\Users\Luis\Desktop\das4navy\node_modules\react-dom\cjs\react-dom-server-legacy.node.production.js,react-dom-server-legacy.node.production.js,.js,242793,237.10 KB,2026-06-06 16:54:22,node_modules,node_modules\react-dom,3
node_modules\react-dom\cjs\react-dom-server-legacy.browser.production.js,C:\Users\Luis\Desktop\das4navy\node_modules\react-dom\cjs\react-dom-server-legacy.browser.production.js,react-dom-server-legacy.browser.production.js,.js,237937,232.36 KB,2026-06-06 16:54:22,node_modules,node_modules\react-dom,3
node_modules\acorn\dist\acorn.mjs,C:\Users\Luis\Desktop\das4navy\node_modules\acorn\dist\acorn.mjs,acorn.mjs,.mjs,230975,225.56 KB,2026-06-06 16:54:21,node_modules,node_modules\acorn,3
node_modules\@babel\types\lib\ast-types\generated\index.js.map,C:\Users\Luis\Desktop\das4navy\node_modules\@babel\types\lib\ast-types\generated\index.js.map,index.js.map,.map,223851,218.60 KB,2026-06-06 16:54:21,node_modules,node_modules\@babel,6
node_modules\lightningcss\node\ast.js.flow,C:\Users\Luis\Desktop\das4navy\node_modules\lightningcss\node\ast.js.flow,ast.js.flow,.flow,216648,211.57 KB,2026-06-06 16:54:21,node_modules,node_modules\lightningcss,3
node_modules\lightningcss\node\ast.d.ts,C:\Users\Luis\Desktop\das4navy\node_modules\lightningcss\node\ast.d.ts,ast.d.ts,.ts,212319,207.34 KB,2026-06-06 16:54:21,node_modules,node_modules\lightningcss,3
node_modules\vite\dist\node\chunks\build.js,C:\Users\Luis\Desktop\das4navy\node_modules\vite\dist\node\chunks\build.js,build.js,.js,203495,198.73 KB,2026-06-06 16:54:21,node_modules,node_modules\vite,5
node_modules\@babel\types\lib\builders\generated\lowercase.js.map,C:\Users\Luis\Desktop\das4navy\node_modules\@babel\types\lib\builders\generated\lowercase.js.map,lowercase.js.map,.map,203104,198.34 KB,2026-06-06 16:54:22,node_modules,node_modules\@babel,6
dist\assets\index-DMcFQBab.js,C:\Users\Luis\Desktop\das4navy\dist\assets\index-DMcFQBab.js,index-DMcFQBab.js,.js,196619,192.01 KB,2026-06-06 17:16:16,dist,dist\assets,2
node_modules\esquery\dist\esquery.esm.min.js.map,C:\Users\Luis\Desktop\das4navy\node_modules\esquery\dist\esquery.esm.min.js.map,esquery.esm.min.js.map,.map,188756,184.33 KB,2026-06-06 16:54:21,node_modules,node_modules\esquery,3
node_modules\esquery\dist\esquery.min.js.map,C:\Users\Luis\Desktop\das4navy\node_modules\esquery\dist\esquery.min.js.map,esquery.min.js.map,.map,188752,184.33 KB,2026-06-06 16:54:22,node_modules,node_modules\esquery,3
node_modules\@babel\types\lib\index.js.flow,C:\Users\Luis\Desktop\das4navy\node_modules\@babel\types\lib\index.js.flow,index.js.flow,.flow,179591,175.38 KB,2026-06-06 16:54:22,node_modules,node_modules\@babel,4
node_modules\@types\react\index.d.ts,C:\Users\Luis\Desktop\das4navy\node_modules\@types\react\index.d.ts,index.d.ts,.ts,177457,173.30 KB,2026-06-06 16:54:21,node_modules,node_modules\@types,3
node_modules\@types\react\ts5.0\index.d.ts,C:\Users\Luis\Desktop\das4navy\node_modules\@types\react\ts5.0\index.d.ts,index.d.ts,.ts,176430,172.29 KB,2026-06-06 16:54:21,node_modules,node_modules\@types,4
node_modules\@babel\helpers\lib\helpers-generated.js.map,C:\Users\Luis\Desktop\das4navy\node_modules\@babel\helpers\lib\helpers-generated.js.map,helpers-generated.js.map,.map,174603,170.51 KB,2026-06-06 16:54:21,node_modules,node_modules\@babel,4
node_modules\@babel\types\lib\index-legacy.d.ts,C:\Users\Luis\Desktop\das4navy\node_modules\@babel\types\lib\index-legacy.d.ts,index-legacy.d.ts,.ts,170968,166.96 KB,2026-06-06 16:54:22,node_modules,node_modules\@babel,4
node_modules\zod\src\v3\types.ts,C:\Users\Luis\Desktop\das4navy\node_modules\zod\src\v3\types.ts,types.ts,.ts,160328,156.57 KB,2026-06-06 16:54:25,node_modules,node_modules\zod,4
node_modules\vite\dist\node\index.d.ts,C:\Users\Luis\Desktop\das4navy\node_modules\vite\dist\node\index.d.ts,index.d.ts,.ts,158084,154.38 KB,2026-06-06 16:54:22,node_modules,node_modules\vite,4
node_modules\hermes-estree\dist\generated\HermesESTreeSelectorTypes.js.flow,C:\Users\Luis\Desktop\das4navy\node_modules\hermes-estree\dist\generated\HermesESTreeSelectorTypes.js.flow,HermesESTreeSelectorTypes.js.flow,.flow,155081,151.45 KB,2026-06-06 16:54:21,node_modules,node_modules\hermes-estree,4
node_modules\@eslint-community\eslint-utils\index.js.map,C:\Users\Luis\Desktop\das4navy\node_modules\@eslint-community\eslint-utils\index.js.map,index.js.map,.map,152486,148.91 KB,2026-06-06 16:54:21,node_modules,node_modules\@eslint-community,3
node_modules\@eslint-community\eslint-utils\index.mjs.map,C:\Users\Luis\Desktop\das4navy\node_modules\@eslint-community\eslint-utils\index.mjs.map,index.mjs.map,.map,152426,148.85 KB,2026-06-06 16:54:21,node_modules,node_modules\@eslint-community,3
node_modules\rolldown\dist\shared\rolldown-build-CrPk_lZe.mjs,C:\Users\Luis\Desktop\das4navy\node_modules\rolldown\dist\shared\rolldown-build-CrPk_lZe.mjs,rolldown-build-CrPk_lZe.mjs,.mjs,151915,148.35 KB,2026-06-06 16:54:22,node_modules,node_modules\rolldown,4
node_modules\ajv\dist\ajv.min.js.map,C:\Users\Luis\Desktop\das4navy\node_modules\ajv\dist\ajv.min.js.map,ajv.min.js.map,.map,149045,145.55 KB,2026-06-06 16:54:22,node_modules,node_modules\ajv,3
node_modules\zod\src\v4\core\schemas.ts,C:\Users\Luis\Desktop\das4navy\node_modules\zod\src\v4\core\schemas.ts,schemas.ts,.ts,148594,145.11 KB,2026-06-06 16:54:25,node_modules,node_modules\zod,5
node_modules\esquery\dist\esquery.lite.min.js.map,C:\Users\Luis\Desktop\das4navy\node_modules\esquery\dist\esquery.lite.min.js.map,esquery.lite.min.js.map,.map,147852,144.39 KB,2026-06-06 16:54:22,node_modules,node_modules\esquery,3
node_modules\rolldown\dist\shared\define-config-3BX_X2Am.d.mts,C:\Users\Luis\Desktop\das4navy\node_modules\rolldown\dist\shared\define-config-3BX_X2Am.d.mts,define-config-3BX_X2Am.d.mts,.mts,141430,138.12 KB,2026-06-06 16:54:22,node_modules,node_modules\rolldown,4
node_modules\esquery\dist\esquery.js,C:\Users\Luis\Desktop\das4navy\node_modules\esquery\dist\esquery.js,esquery.js,.js,140614,137.32 KB,2026-06-06 16:54:21,node_modules,node_modules\esquery,3
node_modules\zod\v3\types.cjs,C:\Users\Luis\Desktop\das4navy\node_modules\zod\v3\types.cjs,types.cjs,.cjs,140156,136.87 KB,2026-06-06 16:54:22,node_modules,node_modules\zod,3
node_modules\globals\index.d.ts,C:\Users\Luis\Desktop\das4navy\node_modules\globals\index.d.ts,index.d.ts,.ts,137498,134.28 KB,2026-06-06 16:54:21,node_modules,node_modules\globals,2
node_modules\esquery\dist\esquery.esm.js,C:\Users\Luis\Desktop\das4navy\node_modules\esquery\dist\esquery.esm.js,esquery.esm.js,.js,131615,128.53 KB,2026-06-06 16:54:21,node_modules,node_modules\esquery,3
node_modules\zod\v3\types.js,C:\Users\Luis\Desktop\das4navy\node_modules\zod\v3\types.js,types.js,.js,131268,128.19 KB,2026-06-06 16:54:23,node_modules,node_modules\zod,3
node_modules\eslint\lib\types\rules.d.ts,C:\Users\Luis\Desktop\das4navy\node_modules\eslint\lib\types\rules.d.ts,rules.d.ts,.ts,130759,127.69 KB,2026-06-06 16:54:23,node_modules,node_modules\eslint,4
node_modules\@babel\types\lib\definitions\core.js.map,C:\Users\Luis\Desktop\das4navy\node_modules\@babel\types\lib\definitions\core.js.map,core.js.map,.map,128496,125.48 KB,2026-06-06 16:54:22,node_modules,node_modules\@babel,5
node_modules\baseline-browser-mapping\dist\index.cjs,C:\Users\Luis\Desktop\das4navy\node_modules\baseline-browser-mapping\dist\index.cjs,index.cjs,.cjs,122223,119.36 KB,2026-06-06 16:54:21,node_modules,node_modules\baseline-browser-mapping,3
node_modules\baseline-browser-mapping\dist\index.js,C:\Users\Luis\Desktop\das4navy\node_modules\baseline-browser-mapping\dist\index.js,index.js,.js,122209,119.34 KB,2026-06-06 16:54:21,node_modules,node_modules\baseline-browser-mapping,3
node_modules\ajv\dist\ajv.min.js,C:\Users\Luis\Desktop\das4navy\node_modules\ajv\dist\ajv.min.js,ajv.min.js,.js,119444,116.64 KB,2026-06-06 16:54:22,node_modules,node_modules\ajv,3
node_modules\esquery\dist\esquery.lite.js,C:\Users\Luis\Desktop\das4navy\node_modules\esquery\dist\esquery.lite.js,esquery.lite.js,.js,115069,112.37 KB,2026-06-06 16:54:21,node_modules,node_modules\esquery,3
node_modules\@babel\helpers\lib\helpers-generated.js,C:\Users\Luis\Desktop\das4navy\node_modules\@babel\helpers\lib\helpers-generated.js,helpers-generated.js,.js,113525,110.86 KB,2026-06-06 16:54:21,node_modules,node_modules\@babel,4
node_modules\@babel\core\lib\vendor\import-meta-resolve.js.map,C:\Users\Luis\Desktop\das4navy\node_modules\@babel\core\lib\vendor\import-meta-resolve.js.map,import-meta-resolve.js.map,.map,109982,107.40 KB,2026-06-06 16:54:22,node_modules,node_modules\@babel,5
node_modules\@eslint-community\regexpp\index.js,C:\Users\Luis\Desktop\das4navy\node_modules\@eslint-community\regexpp\index.js,index.js,.js,109704,107.13 KB,2026-06-06 16:54:21,node_modules,node_modules\@eslint-community,3
node_modules\@eslint-community\regexpp\index.mjs,C:\Users\Luis\Desktop\das4navy\node_modules\@eslint-community\regexpp\index.mjs,index.mjs,.mjs,109467,106.90 KB,2026-06-06 16:54:21,node_modules,node_modules\@eslint-community,3
node_modules\vite\LICENSE.md,C:\Users\Luis\Desktop\das4navy\node_modules\vite\LICENSE.md,LICENSE.md,.md,108460,105.92 KB,2026-06-06 16:54:22,node_modules,node_modules\vite,2
node_modules\uri-js\yarn.lock,C:\Users\Luis\Desktop\das4navy\node_modules\uri-js\yarn.lock,yarn.lock,.lock,103956,101.52 KB,2026-06-06 16:54:22,node_modules,node_modules\uri-js,2
node_modules\@eslint-community\regexpp\index.js.map,C:\Users\Luis\Desktop\das4navy\node_modules\@eslint-community\regexpp\index.js.map,index.js.map,.map,103754,101.32 KB,2026-06-06 16:54:21,node_modules,node_modules\@eslint-community,3
node_modules\@eslint-community\regexpp\index.mjs.map,C:\Users\Luis\Desktop\das4navy\node_modules\@eslint-community\regexpp\index.mjs.map,index.mjs.map,.map,103745,101.31 KB,2026-06-06 16:54:21,node_modules,node_modules\@eslint-community,3
node_modules\globals\globals.json,C:\Users\Luis\Desktop\das4navy\node_modules\globals\globals.json,globals.json,.json,102706,100.30 KB,2026-06-06 16:54:21,node_modules,node_modules\globals,2
node_modules\uri-js\dist\es5\uri.all.js.map,C:\Users\Luis\Desktop\das4navy\node_modules\uri-js\dist\es5\uri.all.js.map,uri.all.js.map,.map,102192,99.80 KB,2026-06-06 16:54:22,node_modules,node_modules\uri-js,4
node_modules\@babel\types\lib\asserts\generated\index.js.map,C:\Users\Luis\Desktop\das4navy\node_modules\@babel\types\lib\asserts\generated\index.js.map,index.js.map,.map,101071,98.70 KB,2026-06-06 16:54:21,node_modules,node_modules\@babel,6
node_modules\@babel\types\lib\validators\generated\index.js,C:\Users\Luis\Desktop\das4navy\node_modules\@babel\types\lib\validators\generated\index.js,index.js,.js,96324,94.07 KB,2026-06-06 16:54:22,node_modules,node_modules\@babel,6
node_modules\zod\src\v4\classic\schemas.ts,C:\Users\Luis\Desktop\das4navy\node_modules\zod\src\v4\classic\schemas.ts,schemas.ts,.ts,94706,92.49 KB,2026-06-06 16:54:25,node_modules,node_modules\zod,5
node_modules\@eslint-community\eslint-utils\index.js,C:\Users\Luis\Desktop\das4navy\node_modules\@eslint-community\eslint-utils\index.js,index.js,.js,88365,86.29 KB,2026-06-06 16:54:21,node_modules,node_modules\@eslint-community,3
node_modules\@babel\traverse\lib\scope\index.js.map,C:\Users\Luis\Desktop\das4navy\node_modules\@babel\traverse\lib\scope\index.js.map,index.js.map,.map,87418,85.37 KB,2026-06-06 16:54:22,node_modules,node_modules\@babel,5
node_modules\@eslint-community\eslint-utils\index.mjs,C:\Users\Luis\Desktop\das4navy\node_modules\@eslint-community\eslint-utils\index.mjs,index.mjs,.mjs,87240,85.20 KB,2026-06-06 16:54:21,node_modules,node_modules\@eslint-community,3
node_modules\ajv\README.md,C:\Users\Luis\Desktop\das4navy\node_modules\ajv\README.md,README.md,.md,86876,84.84 KB,2026-06-06 16:54:22,node_modules,node_modules\ajv,2
node_modules\@babel\types\lib\builders\generated\lowercase.js,C:\Users\Luis\Desktop\das4navy\node_modules\@babel\types\lib\builders\generated\lowercase.js,lowercase.js,.js,85733,83.72 KB,2026-06-06 16:54:22,node_modules,node_modules\@babel,6
node_modules\zod\v4\core\schemas.cjs,C:\Users\Luis\Desktop\das4navy\node_modules\zod\v4\core\schemas.cjs,schemas.cjs,.cjs,85629,83.62 KB,2026-06-06 16:54:22,node_modules,node_modules\zod,4
node_modules\minimatch\dist\esm\index.js.map,C:\Users\Luis\Desktop\das4navy\node_modules\minimatch\dist\esm\index.js.map,index.js.map,.map,85364,83.36 KB,2026-06-06 16:54:22,node_modules,node_modules\minimatch,4
node_modules\minimatch\dist\commonjs\index.js.map,C:\Users\Luis\Desktop\das4navy\node_modules\minimatch\dist\commonjs\index.js.map,index.js.map,.map,85329,83.33 KB,2026-06-06 16:54:22,node_modules,node_modules\minimatch,4
package-lock.json,C:\Users\Luis\Desktop\das4navy\package-lock.json,package-lock.json,.json,83797,81.83 KB,2026-06-06 16:55:09,.,.,0
node_modules\eslint\lib\rules\utils\ast-utils.js,C:\Users\Luis\Desktop\das4navy\node_modules\eslint\lib\rules\utils\ast-utils.js,ast-utils.js,.js,83671,81.71 KB,2026-06-06 16:54:22,node_modules,node_modules\eslint,5
node_modules\zod\src\v4\classic\tests\to-json-schema.test.ts,C:\Users\Luis\Desktop\das4navy\node_modules\zod\src\v4\classic\tests\to-json-schema.test.ts,to-json-schema.test.ts,.ts,83479,81.52 KB,2026-06-06 16:54:25,node_modules,node_modules\zod,6
node_modules\zod\v4\core\schemas.js,C:\Users\Luis\Desktop\das4navy\node_modules\zod\v4\core\schemas.js,schemas.js,.js,83322,81.37 KB,2026-06-06 16:54:23,node_modules,node_modules\zod,4
node_modules\uri-js\dist\es5\uri.all.min.js.map,C:\Users\Luis\Desktop\das4navy\node_modules\uri-js\dist\es5\uri.all.min.js.map,uri.all.min.js.map,.map,83083,81.14 KB,2026-06-06 16:54:22,node_modules,node_modules\uri-js,4
node_modules\zod\src\v4\classic\tests\string.test.ts,C:\Users\Luis\Desktop\das4navy\node_modules\zod\src\v4\classic\tests\string.test.ts,string.test.ts,.ts,80260,78.38 KB,2026-06-06 16:54:25,node_modules,node_modules\zod,6
node_modules\esquery\parser.js,C:\Users\Luis\Desktop\das4navy\node_modules\esquery\parser.js,parser.js,.js,79242,77.38 KB,2026-06-06 16:54:21,node_modules,node_modules\esquery,2
node_modules\rolldown\dist\shared\bindingify-input-options-ClrST5Xx.mjs,C:\Users\Luis\Desktop\das4navy\node_modules\rolldown\dist\shared\bindingify-input-options-ClrST5Xx.mjs,bindingify-input-options-ClrST5Xx.mjs,.mjs,76882,75.08 KB,2026-06-06 16:54:21,node_modules,node_modules\rolldown,4
node_modules\@babel\generator\lib\printer.js.map,C:\Users\Luis\Desktop\das4navy\node_modules\@babel\generator\lib\printer.js.map,printer.js.map,.map,75012,73.25 KB,2026-06-06 16:54:22,node_modules,node_modules\@babel,4
node_modules\eslint\lib\linter\code-path-analysis\code-path-state.js,C:\Users\Luis\Desktop\das4navy\node_modules\eslint\lib\linter\code-path-analysis\code-path-state.js,code-path-state.js,.js,71730,70.05 KB,2026-06-06 16:54:22,node_modules,node_modules\eslint,5
node_modules\rolldown\dist\utils-index.mjs,C:\Users\Luis\Desktop\das4navy\node_modules\rolldown\dist\utils-index.mjs,utils-index.mjs,.mjs,70355,68.71 KB,2026-06-06 16:54:22,node_modules,node_modules\rolldown,3
node_modules\.vite\deps\react-DiA8Tu0S.js.map,C:\Users\Luis\Desktop\das4navy\node_modules\.vite\deps\react-DiA8Tu0S.js.map,react-DiA8Tu0S.js.map,.map,68649,67.04 KB,2026-06-06 16:54:29,node_modules,node_modules\.vite,3
node_modules\eslint\lib\rules\indent.js,C:\Users\Luis\Desktop\das4navy\node_modules\eslint\lib\rules\indent.js,indent.js,.js,66474,64.92 KB,2026-06-06 16:54:22,node_modules,node_modules\eslint,4
node_modules\.package-lock.json,C:\Users\Luis\Desktop\das4navy\node_modules\.package-lock.json,.package-lock.json,.json,65810,64.27 KB,2026-06-06 16:55:09,node_modules,node_modules,1
node_modules\zod\src\v3\tests\string.test.ts,C:\Users\Luis\Desktop\das4navy\node_modules\zod\src\v3\tests\string.test.ts,string.test.ts,.ts,65633,64.09 KB,2026-06-06 16:54:25,node_modules,node_modules\zod,5
node_modules\eslint-scope\dist\eslint-scope.cjs,C:\Users\Luis\Desktop\das4navy\node_modules\eslint-scope\dist\eslint-scope.cjs,eslint-scope.cjs,.cjs,64832,63.31 KB,2026-06-06 16:54:21,node_modules,node_modules\eslint-scope,3
node_modules\rolldown\dist\shared\binding-BaCZTfMx.d.mts,C:\Users\Luis\Desktop\das4navy\node_modules\rolldown\dist\shared\binding-BaCZTfMx.d.mts,binding-BaCZTfMx.d.mts,.mts,63382,61.90 KB,2026-06-06 16:54:22,node_modules,node_modules\rolldown,4
node_modules\hermes-estree\dist\generated\predicates.js,C:\Users\Luis\Desktop\das4navy\node_modules\hermes-estree\dist\generated\predicates.js,predicates.js,.js,62068,60.61 KB,2026-06-06 16:54:21,node_modules,node_modules\hermes-estree,4
node_modules\zod\src\v4\mini\schemas.ts,C:\Users\Luis\Desktop\das4navy\node_modules\zod\src\v4\mini\schemas.ts,schemas.ts,.ts,61288,59.85 KB,2026-06-06 16:54:25,node_modules,node_modules\zod,5
node_modules\eslint\lib\rule-tester\rule-tester.js,C:\Users\Luis\Desktop\das4navy\node_modules\eslint\lib\rule-tester\rule-tester.js,rule-tester.js,.js,60681,59.26 KB,2026-06-06 16:54:23,node_modules,node_modules\eslint,4
node_modules\@babel\traverse\lib\path\conversion.js.map,C:\Users\Luis\Desktop\das4navy\node_modules\@babel\traverse\lib\path\conversion.js.map,conversion.js.map,.map,59770,58.37 KB,2026-06-06 16:54:22,node_modules,node_modules\@babel,5
node_modules\hermes-parser\dist\HermesParserNodeDeserializers.js,C:\Users\Luis\Desktop\das4navy\node_modules\hermes-parser\dist\HermesParserNodeDeserializers.js,HermesParserNodeDeserializers.js,.js,58931,57.55 KB,2026-06-06 16:54:21,node_modules,node_modules\hermes-parser,3
node_modules\json5\dist\index.js,C:\Users\Luis\Desktop\das4navy\node_modules\json5\dist\index.js,index.js,.js,58620,57.25 KB,2026-06-06 16:54:21,node_modules,node_modules\json5,3
node_modules\uri-js\dist\es5\uri.all.js,C:\Users\Luis\Desktop\das4navy\node_modules\uri-js\dist\es5\uri.all.js,uri.all.js,.js,57304,55.96 KB,2026-06-06 16:54:21,node_modules,node_modules\uri-js,4
node_modules\zod\v4\classic\schemas.cjs,C:\Users\Luis\Desktop\das4navy\node_modules\zod\v4\classic\schemas.cjs,schemas.cjs,.cjs,56344,55.02 KB,2026-06-06 16:54:22,node_modules,node_modules\zod,4
node_modules\minimatch\dist\esm\ast.js.map,C:\Users\Luis\Desktop\das4navy\node_modules\minimatch\dist\esm\ast.js.map,ast.js.map,.map,56089,54.77 KB,2026-06-06 16:54:22,node_modules,node_modules\minimatch,4
node_modules\minimatch\dist\commonjs\ast.js.map,C:\Users\Luis\Desktop\das4navy\node_modules\minimatch\dist\commonjs\ast.js.map,ast.js.map,.map,56074,54.76 KB,2026-06-06 16:54:22,node_modules,node_modules\minimatch,4
node_modules\@babel\types\lib\definitions\core.js,C:\Users\Luis\Desktop\das4navy\node_modules\@babel\types\lib\definitions\core.js,core.js,.js,55646,54.34 KB,2026-06-06 16:54:22,node_modules,node_modules\@babel,5
node_modules\electron-to-chromium\full-versions.js,C:\Users\Luis\Desktop\das4navy\node_modules\electron-to-chromium\full-versions.js,full-versions.js,.js,54947,53.66 KB,2026-06-06 16:54:21,node_modules,node_modules\electron-to-chromium,2
node_modules\zod\src\v4\core\api.ts,C:\Users\Luis\Desktop\das4navy\node_modules\zod\src\v4\core\api.ts,api.ts,.ts,54893,53.61 KB,2026-06-06 16:54:23,node_modules,node_modules\zod,5
node_modules\@eslint\config-array\dist\cjs\std__path\windows.cjs,C:\Users\Luis\Desktop\das4navy\node_modules\@eslint\config-array\dist\cjs\std__path\windows.cjs,windows.cjs,.cjs,54516,53.24 KB,2026-06-06 16:54:21,node_modules,node_modules\@eslint,6
node_modules\vite\dist\node\module-runner.js,C:\Users\Luis\Desktop\das4navy\node_modules\vite\dist\node\module-runner.js,module-runner.js,.js,54198,52.93 KB,2026-06-06 16:54:22,node_modules,node_modules\vite,4
node_modules\@eslint\config-array\dist\esm\std__path\windows.js,C:\Users\Luis\Desktop\das4navy\node_modules\@eslint\config-array\dist\esm\std__path\windows.js,windows.js,.js,54093,52.83 KB,2026-06-06 16:54:21,node_modules,node_modules\@eslint,6
node_modules\node-releases\data\processed\envs.json,C:\Users\Luis\Desktop\das4navy\node_modules\node-releases\data\processed\envs.json,envs.json,.json,53793,52.53 KB,2026-06-06 16:54:21,node_modules,node_modules\node-releases,4
node_modules\zod\v4\core\schemas.d.cts,C:\Users\Luis\Desktop\das4navy\node_modules\zod\v4\core\schemas.d.cts,schemas.d.cts,.cts,53024,51.78 KB,2026-06-06 16:54:22,node_modules,node_modules\zod,4
node_modules\zod\v4\core\schemas.d.ts,C:\Users\Luis\Desktop\das4navy\node_modules\zod\v4\core\schemas.d.ts,schemas.d.ts,.ts,53015,51.77 KB,2026-06-06 16:54:25,node_modules,node_modules\zod,4
node_modules\zod\v3\types.d.cts,C:\Users\Luis\Desktop\das4navy\node_modules\zod\v3\types.d.cts,types.d.cts,.cts,52035,50.82 KB,2026-06-06 16:54:23,node_modules,node_modules\zod,3
node_modules\zod\v3\types.d.ts,C:\Users\Luis\Desktop\das4navy\node_modules\zod\v3\types.d.ts,types.d.ts,.ts,52027,50.81 KB,2026-06-06 16:54:25,node_modules,node_modules\zod,3
node_modules\hermes-estree\dist\types.js.flow,C:\Users\Luis\Desktop\das4navy\node_modules\hermes-estree\dist\types.js.flow,types.js.flow,.flow,51634,50.42 KB,2026-06-06 16:54:21,node_modules,node_modules\hermes-estree,3
node_modules\hermes-estree\dist\generated\predicates.js.flow,C:\Users\Luis\Desktop\das4navy\node_modules\hermes-estree\dist\generated\predicates.js.flow,predicates.js.flow,.flow,51595,50.39 KB,2026-06-06 16:54:22,node_modules,node_modules\hermes-estree,4
node_modules\zod\v4\classic\schemas.js,C:\Users\Luis\Desktop\das4navy\node_modules\zod\v4\classic\schemas.js,schemas.js,.js,51378,50.17 KB,2026-06-06 16:54:23,node_modules,node_modules\zod,4
node_modules\rolldown\dist\shared\prompt-DYnaB1Nb.mjs,C:\Users\Luis\Desktop\das4navy\node_modules\rolldown\dist\shared\prompt-DYnaB1Nb.mjs,prompt-DYnaB1Nb.mjs,.mjs,49757,48.59 KB,2026-06-06 16:54:22,node_modules,node_modules\rolldown,4
node_modules\electron-to-chromium\full-versions.json,C:\Users\Luis\Desktop\das4navy\node_modules\electron-to-chromium\full-versions.json,full-versions.json,.json,49531,48.37 KB,2026-06-06 16:54:21,node_modules,node_modules\electron-to-chromium,2
node_modules\eslint\lib\linter\linter.js,C:\Users\Luis\Desktop\das4navy\node_modules\eslint\lib\linter\linter.js,linter.js,.js,49203,48.05 KB,2026-06-06 16:54:22,node_modules,node_modules\eslint,4
node_modules\zod\v4\classic\schemas.d.cts,C:\Users\Luis\Desktop\das4navy\node_modules\zod\v4\classic\schemas.d.cts,schemas.d.cts,.cts,48774,47.63 KB,2026-06-06 16:54:22,node_modules,node_modules\zod,4
node_modules\zod\v4\classic\schemas.d.ts,C:\Users\Luis\Desktop\das4navy\node_modules\zod\v4\classic\schemas.d.ts,schemas.d.ts,.ts,48770,47.63 KB,2026-06-06 16:54:25,node_modules,node_modules\zod,4
node_modules\eslint\lib\rules\no-unused-vars.js,C:\Users\Luis\Desktop\das4navy\node_modules\eslint\lib\rules\no-unused-vars.js,no-unused-vars.js,.js,48393,47.26 KB,2026-06-06 16:54:23,node_modules,node_modules\eslint,4
node_modules\@babel\core\lib\config\config-chain.js.map,C:\Users\Luis\Desktop\das4navy\node_modules\@babel\core\lib\config\config-chain.js.map,config-chain.js.map,.map,47322,46.21 KB,2026-06-06 16:54:21,node_modules,node_modules\@babel,5
node_modules\@babel\generator\lib\generators\typescript.js.map,C:\Users\Luis\Desktop\das4navy\node_modules\@babel\generator\lib\generators\typescript.js.map,typescript.js.map,.map,47282,46.17 KB,2026-06-06 16:54:22,node_modules,node_modules\@babel,5
node_modules\react\cjs\react.development.js,C:\Users\Luis\Desktop\das4navy\node_modules\react\cjs\react.development.js,react.development.js,.js,47219,46.11 KB,2026-06-06 16:54:22,node_modules,node_modules\react,3
node_modules\json5\dist\index.mjs,C:\Users\Luis\Desktop\das4navy\node_modules\json5\dist\index.mjs,index.mjs,.mjs,46428,45.34 KB,2026-06-06 16:54:21,node_modules,node_modules\json5,3
node_modules\@babel\types\lib\asserts\generated\index.js,C:\Users\Luis\Desktop\das4navy\node_modules\@babel\types\lib\asserts\generated\index.js,index.js,.js,45593,44.52 KB,2026-06-06 16:54:21,node_modules,node_modules\@babel,6
node_modules\minimatch\dist\commonjs\index.js,C:\Users\Luis\Desktop\das4navy\node_modules\minimatch\dist\commonjs\index.js,index.js,.js,45140,44.08 KB,2026-06-06 16:54:21,node_modules,node_modules\minimatch,4
node_modules\eslint\lib\eslint\eslint-helpers.js,C:\Users\Luis\Desktop\das4navy\node_modules\eslint\lib\eslint\eslint-helpers.js,eslint-helpers.js,.js,44814,43.76 KB,2026-06-06 16:54:22,node_modules,node_modules\eslint,4
node_modules\semver\semver.js,C:\Users\Luis\Desktop\das4navy\node_modules\semver\semver.js,semver.js,.js,44287,43.25 KB,2026-06-06 16:54:21,node_modules,node_modules\semver,2
node_modules\@eslint\config-array\dist\cjs\index.cjs,C:\Users\Luis\Desktop\das4navy\node_modules\@eslint\config-array\dist\cjs\index.cjs,index.cjs,.cjs,44061,43.03 KB,2026-06-06 16:54:21,node_modules,node_modules\@eslint,5
node_modules\minimatch\dist\esm\index.js,C:\Users\Luis\Desktop\das4navy\node_modules\minimatch\dist\esm\index.js,index.js,.js,43810,42.78 KB,2026-06-06 16:54:21,node_modules,node_modules\minimatch,4
node_modules\eslint\lib\rules\no-extra-parens.js,C:\Users\Luis\Desktop\das4navy\node_modules\eslint\lib\rules\no-extra-parens.js,no-extra-parens.js,.js,43590,42.57 KB,2026-06-06 16:54:23,node_modules,node_modules\eslint,4
node_modules\@eslint\config-array\dist\esm\index.js,C:\Users\Luis\Desktop\das4navy\node_modules\@eslint\config-array\dist\esm\index.js,index.js,.js,43379,42.36 KB,2026-06-06 16:54:21,node_modules,node_modules\@eslint,5
node_modules\@eslint\config-array\dist\cjs\std__path\posix.cjs,C:\Users\Luis\Desktop\das4navy\node_modules\@eslint\config-array\dist\cjs\std__path\posix.cjs,posix.cjs,.cjs,42967,41.96 KB,2026-06-06 16:54:21,node_modules,node_modules\@eslint,6
node_modules\zod-validation-error\v4\index.js.map,C:\Users\Luis\Desktop\das4navy\node_modules\zod-validation-error\v4\index.js.map,index.js.map,.map,42866,41.86 KB,2026-06-06 16:54:21,node_modules,node_modules\zod-validation-error,3
node_modules\@oxc-project\types\types.d.ts,C:\Users\Luis\Desktop\das4navy\node_modules\@oxc-project\types\types.d.ts,types.d.ts,.ts,42750,41.75 KB,2026-06-06 16:54:21,node_modules,node_modules\@oxc-project,3
node_modules\@eslint\config-array\dist\esm\std__path\posix.js,C:\Users\Luis\Desktop\das4navy\node_modules\@eslint\config-array\dist\esm\std__path\posix.js,posix.js,.js,42544,41.55 KB,2026-06-06 16:54:21,node_modules,node_modules\@eslint,6
node_modules\zod-validation-error\v4\index.mjs.map,C:\Users\Luis\Desktop\das4navy\node_modules\zod-validation-error\v4\index.mjs.map,index.mjs.map,.map,41917,40.93 KB,2026-06-06 16:54:21,node_modules,node_modules\zod-validation-error,3
node_modules\source-map-js\lib\source-map-consumer.js,C:\Users\Luis\Desktop\das4navy\node_modules\source-map-js\lib\source-map-consumer.js,source-map-consumer.js,.js,41580,40.61 KB,2026-06-06 16:54:21,node_modules,node_modules\source-map-js,3
node_modules\@babel\core\lib\vendor\import-meta-resolve.js,C:\Users\Luis\Desktop\das4navy\node_modules\@babel\core\lib\vendor\import-meta-resolve.js,import-meta-resolve.js,.js,41549,40.58 KB,2026-06-06 16:54:22,node_modules,node_modules\@babel,5
node_modules\eslint\lib\eslint\eslint.js,C:\Users\Luis\Desktop\das4navy\node_modules\eslint\lib\eslint\eslint.js,eslint.js,.js,41482,40.51 KB,2026-06-06 16:54:22,node_modules,node_modules\eslint,4
node_modules\@babel\compat-data\data\corejs2-built-ins.json,C:\Users\Luis\Desktop\das4navy\node_modules\@babel\compat-data\data\corejs2-built-ins.json,corejs2-built-ins.json,.json,41279,40.31 KB,2026-06-06 16:54:21,node_modules,node_modules\@babel,4
node_modules\eslint\lib\types\index.d.ts,C:\Users\Luis\Desktop\das4navy\node_modules\eslint\lib\types\index.d.ts,index.d.ts,.ts,40954,39.99 KB,2026-06-06 16:54:23,node_modules,node_modules\eslint,4
node_modules\vite\dist\client\client.mjs,C:\Users\Luis\Desktop\das4navy\node_modules\vite\dist\client\client.mjs,client.mjs,.mjs,39607,38.68 KB,2026-06-06 16:54:22,node_modules,node_modules\vite,4
node_modules\@babel\types\lib\definitions\typescript.js.map,C:\Users\Luis\Desktop\das4navy\node_modules\@babel\types\lib\definitions\typescript.js.map,typescript.js.map,.map,39441,38.52 KB,2026-06-06 16:54:22,node_modules,node_modules\@babel,5
node_modules\rolldown\dist\cli.mjs,C:\Users\Luis\Desktop\das4navy\node_modules\rolldown\dist\cli.mjs,cli.mjs,.mjs,39095,38.18 KB,2026-06-06 16:54:21,node_modules,node_modules\rolldown,3
node_modules\@babel\generator\lib\generators\flow.js.map,C:\Users\Luis\Desktop\das4navy\node_modules\@babel\generator\lib\generators\flow.js.map,flow.js.map,.map,38630,37.72 KB,2026-06-06 16:54:22,node_modules,node_modules\@babel,5
node_modules\.vite\deps\react-DiA8Tu0S.js,C:\Users\Luis\Desktop\das4navy\node_modules\.vite\deps\react-DiA8Tu0S.js,react-DiA8Tu0S.js,.js,38369,37.47 KB,2026-06-06 16:54:29,node_modules,node_modules\.vite,3
node_modules\@babel\parser\CHANGELOG.md,C:\Users\Luis\Desktop\das4navy\node_modules\@babel\parser\CHANGELOG.md,CHANGELOG.md,.md,38238,37.34 KB,2026-06-06 16:54:21,node_modules,node_modules\@babel,3
node_modules\electron-to-chromium\full-chromium-versions.js,C:\Users\Luis\Desktop\das4navy\node_modules\electron-to-chromium\full-chromium-versions.js,full-chromium-versions.js,.js,38227,37.33 KB,2026-06-06 16:54:21,node_modules,node_modules\electron-to-chromium,2
node_modules\browserslist\index.js,C:\Users\Luis\Desktop\das4navy\node_modules\browserslist\index.js,index.js,.js,38169,37.27 KB,2026-06-06 16:54:21,node_modules,node_modules\browserslist,2
node_modules\@eslint\core\dist\cjs\types.d.cts,C:\Users\Luis\Desktop\das4navy\node_modules\@eslint\core\dist\cjs\types.d.cts,types.d.cts,.cts,37998,37.11 KB,2026-06-06 16:54:21,node_modules,node_modules\@eslint,5
node_modules\@eslint\core\dist\esm\types.d.ts,C:\Users\Luis\Desktop\das4navy\node_modules\@eslint\core\dist\esm\types.d.ts,types.d.ts,.ts,37998,37.11 KB,2026-06-06 16:54:21,node_modules,node_modules\@eslint,5
node_modules\@eslint-community\regexpp\index.d.ts,C:\Users\Luis\Desktop\das4navy\node_modules\@eslint-community\regexpp\index.d.ts,index.d.ts,.ts,37807,36.92 KB,2026-06-06 16:54:21,node_modules,node_modules\@eslint-community,3
node_modules\zod\src\v4\core\checks.ts,C:\Users\Luis\Desktop\das4navy\node_modules\zod\src\v4\core\checks.ts,checks.ts,.ts,37708,36.82 KB,2026-06-06 16:54:23,node_modules,node_modules\zod,5
node_modules\esquery\dist\esquery.min.js,C:\Users\Luis\Desktop\das4navy\node_modules\esquery\dist\esquery.min.js,esquery.min.js,.js,36731,35.87 KB,2026-06-06 16:54:21,node_modules,node_modules\esquery,3
node_modules\@babel\types\lib\builders\generated\uppercase.js.map,C:\Users\Luis\Desktop\das4navy\node_modules\@babel\types\lib\builders\generated\uppercase.js.map,uppercase.js.map,.map,36712,35.85 KB,2026-06-06 16:54:22,node_modules,node_modules\@babel,6
node_modules\esquery\dist\esquery.esm.min.js,C:\Users\Luis\Desktop\das4navy\node_modules\esquery\dist\esquery.esm.min.js,esquery.esm.min.js,.js,36550,35.69 KB,2026-06-06 16:54:21,node_modules,node_modules\esquery,3
node_modules\@babel\traverse\lib\path\introspection.js.map,C:\Users\Luis\Desktop\das4navy\node_modules\@babel\traverse\lib\path\introspection.js.map,introspection.js.map,.map,36484,35.63 KB,2026-06-06 16:54:22,node_modules,node_modules\@babel,5
node_modules\@babel\helpers\lib\helpers\applyDecs.js.map,C:\Users\Luis\Desktop\das4navy\node_modules\@babel\helpers\lib\helpers\applyDecs.js.map,applyDecs.js.map,.map,36388,35.54 KB,2026-06-06 16:54:22,node_modules,node_modules\@babel,5
node_modules\espree\dist\espree.cjs,C:\Users\Luis\Desktop\das4navy\node_modules\espree\dist\espree.cjs,espree.cjs,.cjs,35933,35.09 KB,2026-06-06 16:54:21,node_modules,node_modules\espree,3
node_modules\zod\src\v4\classic\tests\template-literal.test.ts,C:\Users\Luis\Desktop\das4navy\node_modules\zod\src\v4\classic\tests\template-literal.test.ts,template-literal.test.ts,.ts,35892,35.05 KB,2026-06-06 16:54:25,node_modules,node_modules\zod,6
node_modules\eslint\lib\rules\indent-legacy.js,C:\Users\Luis\Desktop\das4navy\node_modules\eslint\lib\rules\indent-legacy.js,indent-legacy.js,.js,35743,34.91 KB,2026-06-06 16:54:22,node_modules,node_modules\eslint,4
node_modules\zod\v4\mini\schemas.cjs,C:\Users\Luis\Desktop\das4navy\node_modules\zod\v4\mini\schemas.cjs,schemas.cjs,.cjs,35504,34.67 KB,2026-06-06 16:54:22,node_modules,node_modules\zod,4
node_modules\@babel\helper-module-transforms\lib\rewrite-live-references.js.map,C:\Users\Luis\Desktop\das4navy\node_modules\@babel\helper-module-transforms\lib\rewrite-live-references.js.map,rewrite-live-references.js.map,.map,35137,34.31 KB,2026-06-06 16:54:21,node_modules,node_modules\@babel,4
node_modules\@babel\helper-module-transforms\lib\normalize-and-load-metadata.js.map,C:\Users\Luis\Desktop\das4navy\node_modules\@babel\helper-module-transforms\lib\normalize-and-load-metadata.js.map,normalize-and-load-metadata.js.map,.map,34943,34.12 KB,2026-06-06 16:54:21,node_modules,node_modules\@babel,4
node_modules\@babel\helpers\lib\helpers\decorate.js.map,C:\Users\Luis\Desktop\das4navy\node_modules\@babel\helpers\lib\helpers\decorate.js.map,decorate.js.map,.map,34919,34.10 KB,2026-06-06 16:54:22,node_modules,node_modules\@babel,5
node_modules\picomatch\lib\parse.js,C:\Users\Luis\Desktop\das4navy\node_modules\picomatch\lib\parse.js,parse.js,.js,33731,32.94 KB,2026-06-06 16:54:21,node_modules,node_modules\picomatch,3
node_modules\eslint\lib\languages\js\source-code\source-code.js,C:\Users\Luis\Desktop\das4navy\node_modules\eslint\lib\languages\js\source-code\source-code.js,source-code.js,.js,33718,32.93 KB,2026-06-06 16:54:23,node_modules,node_modules\eslint,6
node_modules\@babel\types\lib\definitions\flow.js.map,C:\Users\Luis\Desktop\das4navy\node_modules\@babel\types\lib\definitions\flow.js.map,flow.js.map,.map,33424,32.64 KB,2026-06-06 16:54:22,node_modules,node_modules\@babel,5
node_modules\hermes-parser\dist\babel\TransformESTreeToBabel.js.flow,C:\Users\Luis\Desktop\das4navy\node_modules\hermes-parser\dist\babel\TransformESTreeToBabel.js.flow,TransformESTreeToBabel.js.flow,.flow,33266,32.49 KB,2026-06-06 16:54:22,node_modules,node_modules\hermes-parser,4
node_modules\zod\v4\core\api.d.cts,C:\Users\Luis\Desktop\das4navy\node_modules\zod\v4\core\api.d.cts,api.d.cts,.cts,32838,32.07 KB,2026-06-06 16:54:22,node_modules,node_modules\zod,4
node_modules\zod\v4\core\api.d.ts,C:\Users\Luis\Desktop\das4navy\node_modules\zod\v4\core\api.d.ts,api.d.ts,.ts,32832,32.06 KB,2026-06-06 16:54:23,node_modules,node_modules\zod,4
node_modules\zod\src\v4\mini\tests\index.test.ts,C:\Users\Luis\Desktop\das4navy\node_modules\zod\src\v4\mini\tests\index.test.ts,index.test.ts,.ts,32741,31.97 KB,2026-06-06 16:54:24,node_modules,node_modules\zod,6
node_modules\zod\v4\mini\schemas.d.cts,C:\Users\Luis\Desktop\das4navy\node_modules\zod\v4\mini\schemas.d.cts,schemas.d.cts,.cts,32719,31.95 KB,2026-06-06 16:54:22,node_modules,node_modules\zod,4
node_modules\zod\v4\mini\schemas.d.ts,C:\Users\Luis\Desktop\das4navy\node_modules\zod\v4\mini\schemas.d.ts,schemas.d.ts,.ts,32717,31.95 KB,2026-06-06 16:54:25,node_modules,node_modules\zod,4
node_modules\@babel\traverse\lib\path\family.js.map,C:\Users\Luis\Desktop\das4navy\node_modules\@babel\traverse\lib\path\family.js.map,family.js.map,.map,32612,31.85 KB,2026-06-06 16:54:22,node_modules,node_modules\@babel,5
node_modules\@babel\helpers\lib\helpers\applyDecs2301.js.map,C:\Users\Luis\Desktop\das4navy\node_modules\@babel\helpers\lib\helpers\applyDecs2301.js.map,applyDecs2301.js.map,.map,32243,31.49 KB,2026-06-06 16:54:22,node_modules,node_modules\@babel,5
node_modules\@babel\helper-module-transforms\lib\index.js.map,C:\Users\Luis\Desktop\das4navy\node_modules\@babel\helper-module-transforms\lib\index.js.map,index.js.map,.map,32016,31.27 KB,2026-06-06 16:54:21,node_modules,node_modules\@babel,4
node_modules\zod\v4\core\api.cjs,C:\Users\Luis\Desktop\das4navy\node_modules\zod\v4\core\api.cjs,api.cjs,.cjs,31685,30.94 KB,2026-06-06 16:54:21,node_modules,node_modules\zod,4
node_modules\json5\dist\index.min.js,C:\Users\Luis\Desktop\das4navy\node_modules\json5\dist\index.min.js,index.min.js,.js,31631,30.89 KB,2026-06-06 16:54:21,node_modules,node_modules\json5,3
node_modules\@babel\traverse\lib\scope\index.js,C:\Users\Luis\Desktop\das4navy\node_modules\@babel\traverse\lib\scope\index.js,index.js,.js,31463,30.73 KB,2026-06-06 16:54:22,node_modules,node_modules\@babel,5
node_modules\zod\src\v4\classic\tests\index.test.ts,C:\Users\Luis\Desktop\das4navy\node_modules\zod\src\v4\classic\tests\index.test.ts,index.test.ts,.ts,31219,30.49 KB,2026-06-06 16:54:24,node_modules,node_modules\zod,6
node_modules\@babel\helper-module-imports\lib\import-injector.js.map,C:\Users\Luis\Desktop\das4navy\node_modules\@babel\helper-module-imports\lib\import-injector.js.map,import-injector.js.map,.map,31195,30.46 KB,2026-06-06 16:54:21,node_modules,node_modules\@babel,4
node_modules\caniuse-lite\data\features.js,C:\Users\Luis\Desktop\das4navy\node_modules\caniuse-lite\data\features.js,features.js,.js,31084,30.36 KB,2026-06-06 16:54:23,node_modules,node_modules\caniuse-lite,3
